{"cameraMode":{"drawMode":0,"name":"Shaded","section":"Shading Mode"},"sceneLighting":true,"audioPlay":false,"sceneViewState":{"m_AlwaysRefresh":false,"showFog":true,"showSkybox":true,"showFlares":true,"showImageEffects":true,"showParticleSystems":true,"showVisualEffectGraphs":true,"m_FxEnabled":true},"in2DMode":false,"pivot":{"x":294.68011474609377,"y":660.8218383789063,"z":-558.0202026367188},"rotation":{"x":0.051062822341918948,"y":0.3660109043121338,"z":-0.02011813409626484,"w":0.9289971590042114},"size":0.8660253882408142,"orthographic":false}