{"cameraMode":{"drawMode":0,"name":"Shaded","section":"Shading Mode"},"sceneLighting":true,"audioPlay":false,"sceneViewState":{"m_AlwaysRefresh":false,"showFog":true,"showSkybox":true,"showFlares":true,"showImageEffects":true,"showParticleSystems":true,"showVisualEffectGraphs":true,"m_FxEnabled":true},"in2DMode":false,"pivot":{"x":-14.390000343322754,"y":0.5000009536743164,"z":-123.22000122070313},"rotation":{"x":-0.3468579649925232,"y":-0.09460199624300003,"z":0.03518398851156235,"w":-0.9324917197227478},"size":7.930623531341553,"orthographic":false}