{"cameraMode":{"drawMode":0,"name":"Shaded","section":"Shading Mode"},"sceneLighting":true,"audioPlay":false,"sceneViewState":{"m_AlwaysRefresh":false,"showFog":true,"showSkybox":true,"showFlares":true,"showImageEffects":true,"showParticleSystems":true,"showVisualEffectGraphs":true,"m_FxEnabled":true},"in2DMode":false,"pivot":{"x":-15.763421058654786,"y":26.85542869567871,"z":-147.54835510253907},"rotation":{"x":-0.2636822462081909,"y":-0.05697322264313698,"z":0.015597588382661343,"w":-0.9628189206123352},"size":0.3937297463417053,"orthographic":false}