{"cameraMode":{"drawMode":0,"name":"Shaded","section":"Shading Mode"},"sceneLighting":true,"audioPlay":false,"sceneViewState":{"m_AlwaysRefresh":false,"showFog":true,"showSkybox":true,"showFlares":true,"showImageEffects":true,"showParticleSystems":true,"showVisualEffectGraphs":true,"m_FxEnabled":true},"in2DMode":false,"pivot":{"x":6.684999942779541,"y":5.939599514007568,"z":-0.17760592699050904},"rotation":{"x":-0.053647689521312717,"y":0.9323305487632752,"z":-0.15525493025779725,"w":-0.32216066122055056},"size":5.5546746253967289,"orthographic":false}